TEXT,POS_GROUPED
O,PRON
Zouhaur,NOUN
Atif,NOUN
",",PUNCT
o,PRON
zoeno,NOUN
arrestou,VERB
pe,FUNC
avei,VERB
ammassou,VERB
o,PRON
Abanoud,NOUN
Youssef,NOUN
inte,FUNC
unna,PRON
scheua,NOUN
à,FUNC
Spezza,NOUN
",",PUNCT
o,PRON
l,PRON
’,PUNCT
à,VERB
ammisso,VERB
d,FUNC
’,PUNCT
aveilo,VERB
fæto,VERB
pe,FUNC
giöxia,NOUN
:,PUNCT
«,PUNCT
O,PRON
no,FUNC
doveiva,VERB
scangiâse,VERB
quelle,ADJ
fotografie,NOUN
co-a,FUNC
mæ,ADJ
galante,NOUN
»,PUNCT
.,PUNCT
A,PRON
figgia,NOUN
e,FUNC
a,PRON
vittima,NOUN
se,FUNC
conosceivan,VERB
da,FUNC
figgeu,NOUN
.,PUNCT
«,PUNCT
Aiva,VERB
fæto,VERB
o,PRON
poscibile,NOUN
perché,FUNC
no,FUNC
rattellessan,VERB
»,PUNCT
",",PUNCT
a,PRON
l,PRON
’,PUNCT
à,VERB
scrito,VERB
lê,PRON
in,FUNC
sce,FUNC
un,PRON
social,NOUN
.,PUNCT
O,PRON
Atif,NOUN
o,PRON
l,PRON
’,PUNCT
arresta,VERB
in,FUNC
prexon,NOUN
e,FUNC
oua,FUNC
o,PRON
reisega,VERB
d,FUNC
’,PUNCT
ëse,VERB
accaxonou,VERB
da,FUNC
premeditaçion,NOUN
.,PUNCT
A-i,FUNC
22,ADJ
de,FUNC
zenâ,NOUN
",",PUNCT
giornâ,NOUN
de,FUNC
desmuo,NOUN
da,FUNC
çittæ,NOUN
",",PUNCT
çentanæa,ADJ
de,FUNC
persoñe,NOUN
an,VERB
parteçipou,VERB
a-o,FUNC
morteuio,NOUN
crestian,ADJ
into,FUNC
dòmmo,NOUN
.,PUNCT
Da,FUNC
l,FUNC
’,PUNCT
autopscia,NOUN
l,PRON
’,PUNCT
é,VERB
vegnuo,VERB
feua,ADV
che,FUNC
o,PRON
Abanoud,NOUN
o,PRON
l,PRON
’,PUNCT
é,VERB
mòrto,VERB
pe,FUNC
unna,PRON
cotellâ,NOUN
sola,ADJ
ch,FUNC
’,PUNCT
a,VERB
gh,PRON
’,PUNCT
à,VERB
dannezzou,VERB
o,PRON
figæto,NOUN
",",PUNCT
a,PRON
minsa,NOUN
e,FUNC
un,PRON
pormon,NOUN
.,PUNCT
A,PRON
Procua,NOUN
de,FUNC
Zena,NOUN
a,PRON
l,PRON
’,PUNCT
à,VERB
ciammou,VERB
o,PRON
fallimento,NOUN
de,FUNC
l,PRON
’,PUNCT
Amt,NOUN
",",PUNCT
l,PRON
’,PUNCT
açienda,NOUN
ch,PRON
’,PUNCT
a,VERB
gestisce,VERB
o,PRON
traspòrto,NOUN
pubrico,ADJ
",",PUNCT
trovandoghe,VERB
200,ADJ
mioin,NOUN
e,FUNC
passa,ADV
de,FUNC
debiti,NOUN
.,PUNCT
O,PRON
papê,NOUN
o,PRON
l,PRON
’,PUNCT
é,VERB
vegnuo,VERB
feua,ADV
oua,ADV
",",PUNCT
ma,FUNC
o,PRON
l,PRON
’,PUNCT
é,VERB
di,FUNC
9,ADJ
de,FUNC
dexembre,NOUN
",",PUNCT
avanti,ADV
che,FUNC
o,PRON
Tribunâ,NOUN
o,PRON
l,PRON
’,PUNCT
approvesse,VERB
a,PRON
compoxiçion,NOUN
negoçiâ,ADJ
da,FUNC
crixi,NOUN
co-e,FUNC
mesue,NOUN
che,FUNC
mettan,VERB
a,PRON
soçietæ,NOUN
a-o,FUNC
sosto,NOUN
.,PUNCT
«,PUNCT
Se,FUNC
no,FUNC
avescimo,VERB
fæto,VERB
ninte,PRON
a,PRON
saieiva,VERB
fallia,VERB
»,PUNCT
",",PUNCT
o,PRON
commento,NOUN
da,FUNC
scindica,NOUN
Silvia,NOUN
Salis,NOUN
.,PUNCT
«,PUNCT
A,PRON
l,PRON
’,PUNCT
addeuvia,VERB
i,PRON
problemi,NOUN
de,FUNC
l,FUNC
’,PUNCT
Amt,NOUN
pe,FUNC
fâ,VERB
da,FUNC
propaganda,NOUN
»,PUNCT
",",PUNCT
gh,PRON
’,PUNCT
à,VERB
respòsto,VERB
o,PRON
Pietro,NOUN
Piciocchi,NOUN
.,PUNCT
Intanto,ADV
a,PRON
Procua,NOUN
a,PRON
l,PRON
’,PUNCT
à,VERB
inscrito,VERB
i,PRON
primmi,ADJ
indagæ,VERB
pe,FUNC
fäso,ADJ
inti,FUNC
conti,NOUN
e,FUNC
bancarotta,NOUN
de,FUNC
sfrouxo,NOUN
",",PUNCT
graçie,ADV
anche,FUNC
a-a,FUNC
relaçion,NOUN
presentâ,VERB
da-o,FUNC
Commun,NOUN
co-a,FUNC
scituaçion,NOUN
finançiäia,ADJ
de,FUNC
l,PRON
’,PUNCT
açienda,NOUN
.,PUNCT
A,PRON
Procua,NOUN
de,FUNC
Zena,NOUN
a,PRON
l,PRON
’,PUNCT
à,VERB
averto,VERB
unn,PRON
’,PUNCT
investigaçion,NOUN
in,FUNC
sciâ,FUNC
mòrte,NOUN
do,FUNC
Giampiero,NOUN
Antonio,NOUN
Garrido,NOUN
Yanez,NOUN
",",PUNCT
mòrto,VERB
de,FUNC
30,ADJ
anni,NOUN
a-i,FUNC
22,ADJ
de,FUNC
zenâ,NOUN
tanto,ADV
ch,FUNC
’,PUNCT
o,PRON
zugava,VERB
à,FUNC
ballon,NOUN
in,FUNC
sce,FUNC
un,PRON
campo,NOUN
de,FUNC
Sestri,NOUN
Ponente,NOUN
.,PUNCT
Tutt,ADV
’,PUNCT
assemme,ADJ
o,PRON
s,PRON
’,PUNCT
é,VERB
arreversou,VERB
in,FUNC
tæra,NOUN
",",PUNCT
i,PRON
meghi,NOUN
an,VERB
çercou,VERB
de,FUNC
sarvâlo,VERB
ma,FUNC
no,FUNC
gh,PRON
’,PUNCT
é,VERB
stæto,VERB
ninte,PRON
da,FUNC
fâ,VERB
.,PUNCT
O,PRON
pm,NOUN
Giuseppe,NOUN
Longo,NOUN
o,PRON
l,PRON
’,PUNCT
à,VERB
commandou,VERB
l,PRON
’,PUNCT
autopscia,NOUN
.,PUNCT
O,PRON
Garrido,NOUN
o,PRON
gh,PRON
’,PUNCT
aiva,VERB
a,PRON
tessia,NOUN
do,FUNC
Recreativo,NOUN
",",PUNCT
in,FUNC
segonda,ADJ
categoria,NOUN
",",PUNCT
ma,FUNC
o,PRON
zugava,VERB
ascì,ADV
inte,FUNC
unna,PRON
squaddra,NOUN
inscrita,VERB
à,FUNC
un,PRON
torneo,NOUN
Aics,NOUN
",",PUNCT
Sotto,ADV
il,PRON
Pontos,NOUN
Fc,OTHER
.,PUNCT
O,PRON
seu,ADJ
mego,NOUN
o,PRON
gh,PRON
’,PUNCT
aiva,VERB
conseggiou,VERB
de,FUNC
no,FUNC
fâ,VERB
de,FUNC
l,PRON
’,PUNCT
attivitæ,NOUN
sportiva,ADJ
pe,FUNC
di,FUNC
problemi,NOUN
de,FUNC
sanitæ,NOUN
.,PUNCT
A,PRON
Procua,NOUN
a,PRON
veu,VERB
capî,VERB
se,FUNC
gh,PRON
’,PUNCT
ea,VERB
stæto,VERB
i,PRON
açertamenti,NOUN
obrigatöi,ADJ
pe,FUNC
parteçipâ,VERB
.,PUNCT
Stradde,NOUN
deruæ,ADJ
",",PUNCT
case,NOUN
e,FUNC
buteghe,NOUN
piñe,ADJ
d,FUNC
’,PUNCT
ægua,NOUN
",",PUNCT
ciazze,NOUN
portæ,VERB
via,NOUN
.,PUNCT
Son,VERB
i,PRON
guasti,NOUN
caxonæ,VERB
da-o,FUNC
çiclon,NOUN
Harry,NOUN
into,FUNC
Sud,ADJ
Italia,NOUN
",",PUNCT
sorviatutto,ADV
Siçilia,NOUN
e,FUNC
Calabria,NOUN
",",PUNCT
ma,FUNC
anche,ADV
a,PRON
Sardegna,NOUN
",",PUNCT
corpie,VERB
da,FUNC
di,PRON
mouxi,NOUN
erti,ADJ
fin,ADV
à,FUNC
16,ADJ
metri,NOUN
e,FUNC
passa,ADV
",",PUNCT
mai,ADV
registræ,VERB
into,FUNC
passou,NOUN
inte,FUNC
tutto,ADJ
o,PRON
Mediterraneo,NOUN
.,PUNCT
Inte,FUNC
provinse,NOUN
de,FUNC
Mesciña,NOUN
e,FUNC
Catania,NOUN
o,PRON
mâ,NOUN
o,PRON
l,PRON
’,PUNCT
à,VERB
destruto,VERB
ferrovie,NOUN
",",PUNCT
mæñe,NOUN
",",PUNCT
miage,NOUN
e,FUNC
portixeu,NOUN
.,PUNCT
Dexeñe,NOUN
de,FUNC
famigge,NOUN
son,VERB
stæte,VERB
scorrie,VERB
d,FUNC
’,PUNCT
in,FUNC
cà,NOUN
.,PUNCT
Segondo,FUNC
unna,PRON
primma,ADJ
stimma,NOUN
do,FUNC
prescidente,NOUN
da,FUNC
Region,NOUN
Renato,NOUN
Schifani,NOUN
i,PRON
danni,NOUN
van,VERB
740,ADJ
mioin,NOUN
d,FUNC
’,PUNCT
euro,NOUN
",",PUNCT
e,FUNC
atre,ADJ
çentanæa,NOUN
de,FUNC
mioin,NOUN
se,FUNC
contan,VERB
in,FUNC
Sardegna,NOUN
",",PUNCT
segondo,FUNC
a,PRON
prescidente,NOUN
Alessandra,NOUN
Todde,NOUN
.,PUNCT
Neuvo,ADJ
scontro,NOUN
politico,ADJ
in,FUNC
gio,NOUN
a-o,FUNC
disegno,NOUN
de,FUNC
lezze,NOUN
in,FUNC
sciâ,FUNC
violensa,NOUN
sessuale,ADJ
.,PUNCT
Dòppo,ADV
l,PRON
’,PUNCT
accòrdio,NOUN
tra,FUNC
a,PRON
prescidente,NOUN
do,FUNC
Conseggio,NOUN
Giorgia,NOUN
Meloni,NOUN
e,FUNC
a,PRON
segretäia,NOUN
do,FUNC
Partio,NOUN
Democratico,ADJ
Elly,NOUN
Schlein,NOUN
",",PUNCT
a,PRON
poula,NOUN
«,PUNCT
consenso,NOUN
»,PUNCT
a,PRON
l,PRON
’,PUNCT
é,VERB
sparia,VERB
d,FUNC
’,PUNCT
into,FUNC
testo,NOUN
propòsto,ADJ
da-a,FUNC
Giulia,NOUN
Bongiorno,NOUN
da,FUNC
Lega,NOUN
",",PUNCT
a,PRON
relatoa,NOUN
a-o,FUNC
Senato,NOUN
.,PUNCT
Incangio,ADV
se,PRON
parla,VERB
de,FUNC
«,PUNCT
voentæ,NOUN
conträia,ADJ
à,FUNC
l,PRON
’,PUNCT
atto,NOUN
sessuale,ADJ
»,PUNCT
ch,FUNC
’,PUNCT
a,PRON
dev,VERB
’,PUNCT
ëse,VERB
valuâ,VERB
«,PUNCT
tegnindo,VERB
conto,NOUN
da,FUNC
scituaçion,NOUN
e,FUNC
do,FUNC
contesto,NOUN
»,PUNCT
.,PUNCT
Pe-e,FUNC
oppoxiçioin,NOUN
o,PRON
l,PRON
’,PUNCT
é,VERB
un,PRON
«,PUNCT
passo,NOUN
inderê,ADV
graviscimo,ADJ
»,PUNCT
e,FUNC
«,PUNCT
a,PRON
rottua,NOUN
de,FUNC
un,PRON
patto,NOUN
politico,ADJ
»,PUNCT
.,PUNCT
«,PUNCT
Che,FUNC
a,PRON
Meloni,NOUN
a,PRON
no,FUNC
se,PRON
fasse,VERB
dâ,VERB
a,PRON
linia,NOUN
da-o,FUNC
patriarcato,NOUN
»,PUNCT
",",PUNCT
o,PRON
commento,NOUN
da,FUNC
Schlein,NOUN
.,PUNCT
Pe-o,FUNC
momento,NOUN
Fratelli,NOUN
d,FUNC
’,PUNCT
Italia,NOUN
a,PRON
no,FUNC
l,PRON
’,PUNCT
à,VERB
piggiou,VERB
unna,PRON
poxiçion,NOUN
definitiva,ADJ
.,PUNCT
L,PRON
’,PUNCT
é,VERB
mòrto,VERB
de,FUNC
93,ADJ
anni,NOUN
o,PRON
Valentino,NOUN
Garavani,NOUN
",",PUNCT
l,PRON
’,PUNCT
urtimo,ADJ
di,FUNC
gren,ADJ
protagonisti,NOUN
da,FUNC
mòdda,NOUN
in,FUNC
Italia,NOUN
.,PUNCT
O,PRON
l,PRON
’,PUNCT
aiva,VERB
fondou,VERB
o,PRON
marco,NOUN
co-o,FUNC
seu,ADJ
nomme,NOUN
",",PUNCT
do,FUNC
quæ,PRON
o,PRON
rosso,NOUN
e,FUNC
o,PRON
velluo,NOUN
ean,VERB
di,FUNC
scimboli,NOUN
.,PUNCT
A-o,PRON
manco,ADV
çinquemia,ADJ
persoñe,NOUN
gh,PRON
’,PUNCT
an,VERB
reiso,VERB
önô,NOUN
à,FUNC
Romma,NOUN
.,PUNCT
A-i,FUNC
23,ADJ
de,FUNC
zenâ,NOUN
o,PRON
morteuio,NOUN
inta,FUNC
gexa,NOUN
de,FUNC
Santa,ADJ
Maria,NOUN
di,FUNC
Angei,NOUN
con,FUNC
un,PRON
muggio,NOUN
de,FUNC
gente,NOUN
avvoxæ,ADJ
.,PUNCT
«,PUNCT
Un,PRON
òmmo,NOUN
ch,PRON
’,PUNCT
o,PRON
l,PRON
’,PUNCT
à,VERB
semenou,VERB
a,PRON
bellessa,NOUN
e,FUNC
o,PRON
n,FUNC
’,PUNCT
é,VERB
stæto,VERB
un,PRON
testimònio,NOUN
»,PUNCT
",",PUNCT
e,PRON
poule,NOUN
de,FUNC
præ,NOUN
Pietro,NOUN
Guerini,NOUN
.,PUNCT
O,PRON
seu,ADJ
compagno,NOUN
Vernon,NOUN
Bruce,NOUN
Hoeksema,NOOUN
:,PUNCT
«,PUNCT
No,FUNC
te,PRON
diggo,VERB
addio,NOUN
ma,FUNC
graçie,NOUN
»,PUNCT
.,PUNCT
«,PUNCT
O,PRON
regòrdo,NOUN
ciù,FUNC
bello,ADJ
quande,ADV
se,PRON
semmo,VERB
conosciui,VERB
»,PUNCT
",",PUNCT
o,PRON
l,PRON
’,PUNCT
à,VERB
dito,VERB
o,PRON
Giancarlo,NOUN
Giammetti,NOUN
",",PUNCT
passou,ADJ
compagno,NOUN
e,FUNC
sòçio,NOUN
de,FUNC
l,PRON
’,PUNCT
imprenditô,NOUN
da-o,FUNC
1960,ADJ
.,PUNCT
O,PRON
prescidente,NOUN
american,ADJ
Donald,NOUN
Trump,NOUN
o,PRON
l,PRON
’,PUNCT
à,VERB
primma,ADV
menassou,VERB
di,FUNC
neuvi,ADJ
daçi,NOUN
contra,ADV
i,FUNC
Paixi,NOUN
europëi,ADJ
che,PRON
mandan,VERB
de,FUNC
truppe,NOUN
in,FUNC
Groenlandia,NOUN
",",PUNCT
dapeu,ADV
a-o,FUNC
World,NOUN
Economic,ADJ
Forum,NOUN
de,FUNC
Davos,NOUN
",",PUNCT
in,FUNC
Svissera,NOUN
",",PUNCT
o,PRON
l,PRON
’,PUNCT
à,VERB
annonçiou,VERB
un,PRON
accòrdio,NOUN
à,FUNC
vegnî,VERB
co-a,FUNC
Nato,NOUN
:,PUNCT
«,PUNCT
Emmo,VERB
ottegnuo,VERB
tutto,NOUN
quello,PRON
che,PRON
voeivimo,VERB
",",PUNCT
l,PRON
’,PUNCT
inteisa,NOUN
a,FUNC
duià,VERB
pe,FUNC
delongo,ADV
»,PUNCT
",",PUNCT
o,PRON
l,PRON
’,PUNCT
à,VERB
dito,VERB
dòppo,ADV
un,PRON
incontro,NOUN
co-o,FUNC
segretäio,NOUN
generale,ADJ
Mark,NOUN
Rutte,NOUN
.,PUNCT
L,PRON
’,PUNCT
Union,NOUN
europea,ADJ
a,PRON
l,PRON
’,PUNCT
ea,VERB
za,ADV
apreuvo,ADV
à,FUNC
studiâ,VERB
unna,PRON
«,PUNCT
respòsta,NOUN
unitäia,ADJ
»,PUNCT
.,PUNCT
Sempre,ADV
à,FUNC
Davos,NOUN
l,PRON
’,PUNCT
é,VERB
stæto,VERB
presentou,VERB
o,PRON
Bord,OTHER
of,OTHER
peace,OTHER
pe,FUNC
Gazza,NOUN
con,FUNC
20,ADJ
Paixi,NOUN
.,PUNCT
Intanto,ADV
comensa,VERB
torna,ADV
e,PRON
trattative,NOUN
in,FUNC
sce,FUNC
l,PRON
’,PUNCT
Ucraina,NOUN
",",PUNCT
o,PRON
Zelensky,NOUN
o,PRON
l,PRON
’,PUNCT
à,VERB
attaccou,VERB
:,PUNCT
«,PUNCT
Euröpa,NOUN
spartia,ADJ
e,FUNC
persa,ADJ
davanti,ADV
a-o,FUNC
Trump,NOUN
»,PUNCT
.,PUNCT
A,PRON
Ruscia,NOUN
a,PRON
no,FUNC
ghe,PRON
mòlla,VERB
in,FUNC
sciô,FUNC
Donbass,NOUN
.,PUNCT
A-o,FUNC
manco,FUNC
43,ADJ
mòrti,NOUN
e,FUNC
ciù,ADV
de,FUNC
100,ADJ
ferii,NOUN
in,FUNC
Spagna,NOUN
pe,FUNC
un,PRON
açidente,NOUN
ferroviäio,ADJ
tra,FUNC
doî,ADJ
treni,NOUN
spedii,ADJ
in,FUNC
Andaluçia,NOUN
",",PUNCT
vexin,ADV
à,FUNC
Còrdova,NOUN
.,PUNCT
Trei,ADJ
vagoin,NOUN
scon,VERB
sciortii,VERB
feua,ADV
da-e,FUNC
colisse,NOUN
.,PUNCT
Dexeñe,NOUN
de,FUNC
persoñe,NOUN
no,FUNC
son,VERB
stæte,VERB
ancon,ADV
attrovæ,VERB
.,PUNCT
Inta,FUNC
mæxima,ADJ
træta,NOUN
gh,PRON
’,PUNCT
ea,VERB
za,ADV
stæto,VERB
eutto,ADJ
guasti,NOUN
inti,FUNC
anni,NOUN
passæ,ADJ
.,PUNCT
Da,FUNC
lì,ADV
à,FUNC
pöco,ADV
l,PRON
’,PUNCT
é,VERB
capitou,VERB
atri,ADJ
doî,ADJ
açidenti,NOUN
in,FUNC
sciâ,FUNC
ræ,NOUN
spagnòlla,ADJ
.,PUNCT
In,FUNC
Catalogna,NOUN
",",PUNCT
vexin,ADV
à,FUNC
Gelida,NOUN
",",PUNCT
un,PRON
miagion,NOUN
o,PRON
l,PRON
’,PUNCT
é,VERB
vegnuo,VERB
zu,ADV
tanto,ADV
che,PRON
passava,VERB
un,PRON
treno,NOUN
regionale,ADJ
",",PUNCT
fòscia,ADV
pe-o,FUNC
tempo,NOUN
grammo,ADJ
:,PUNCT
o,PRON
machinista,NOUN
o,PRON
l,PRON
’,PUNCT
é,VERB
mòrto,VERB
.,PUNCT
Inta,FUNC
mæxima,ADJ
region,NOUN
un,PRON
atro,ADJ
treno,NOUN
o,PRON
l,PRON
’,PUNCT
é,VERB
sciortio,VERB
pe,FUNC
di,FUNC
magheu,NOUN
cheiti,ADJ
in,FUNC
scê,FUNC
colisse,NOUN
.,PUNCT
A,PRON
Commiscion,NOUN
europea,ADJ
a,PRON
l,PRON
’,PUNCT
à,VERB
firmou,VERB
in,FUNC
Paraguay,NOUN
o,PRON
neuvo,ADJ
accòrdio,NOUN
co-o,FUNC
Mercosur,NOUN
.,PUNCT
«,PUNCT
Gh,PRON
’,PUNCT
é,VERB
chi,PRON
tia,VERB
sciù,ADV
de,FUNC
miage,NOUN
",",PUNCT
noiatri,PRON
femmo,VERB
di,FUNC
ponti,NOUON
.,PUNCT
St,ADJ
’,PUNCT
inteisa,NOUN
chì,ADV
a,PRON
l,PRON
’,PUNCT
é,VERB
un,PRON
segnâ,NOUN
pe-o,FUNC
mondo,NOUN
»,PUNCT
",",PUNCT
a,PRON
l,PRON
’,PUNCT
à,VERB
dito,VERB
a,PRON
prescidente,NOUN
Ursula,NOUN
von,OTHER
der,OTHER
Leyen,NOUN
.,PUNCT
Ma,FUNC
da,FUNC
lì,ADV
à,FUNC
no,FUNC
guæi,ADV
o,PRON
Parlamento,NOUN
o,PRON
l,PRON
’,PUNCT
à,VERB
bloccou,VERB
o,PRON
testo,NOUN
:,PUNCT
con,FUNC
334,ADJ
scì,OTHER
l,PRON
’,PUNCT
é,VERB
passou,VERB
a,PRON
domanda,NOUN
de,FUNC
un,PRON
gruppo,NOUN
de,FUNC
deputæ,NOUN
da,FUNC
Scinistra,NOUN
",",PUNCT
di,FUNC
Verdi,ADJ
e,FUNC
di,FUNC
Liberali,ADJ
de,FUNC
mandâlo,VERB
a-a,FUNC
Corte,NOUN
de,FUNC
giustiçia,NOUN
pe,FUNC
un,PRON
pai,NOUN
de,FUNC
lezze,NOUN
.,PUNCT
Oua,ADV
besorrià,VERB
aspëtâ,VERB
l,PRON
’,PUNCT
examme,NOUN
",",PUNCT
ch,PRON
’,PUNCT
o,PRON
porrieiva,VERB
duâ,VERB
pe,FUNC
di,FUNC
meixi,NOUN
.,PUNCT
A,PRON
Germania,NOUN
a,PRON
vorrieiva,VERB
applicâ,VERB
l,PRON
’,PUNCT
accòrdio,NOUN
de,FUNC
mainea,NOUN
provisöia,ADJ
.,PUNCT
Un,PRON
",",PUNCT
zoeno,NOUN
de,FUNC
19,ADJ
anni,NOUN
",",PUNCT
Youssef,NOUN
Abanoub,NOUN
",",PUNCT
originäio,ADJ
de,FUNC
l,PRON
’,PUNCT
Egitto,NOUN
o,PRON
l,PRON
’,PUNCT
é,VERB
stæto,VERB
ammassou,VERB
con,FUNC
unna,PRON
cotellâ,NOUN
da,FUNC
un,PRON
compagno,NOUN
de,FUNC
scheua,NOUN
inte,FUNC
un,PRON
instituto,NOUN
profescionale,ADJ
de,FUNC
Spezza,NOUN
.,PUNCT
O,PRON
l,PRON
’,PUNCT
é,VERB
avvegnuo,VERB
a-i,FUNC
16,ADJ
de,FUNC
zenâ,NOUN
pöco,ADJ
primma,ADV
de,FUNC
mezogiorno,NOUN
.,PUNCT
A,PRON
poliçia,NOUN
a,PRON
l,PRON
’,PUNCT
à,VERB
arrestou,VERB
un,PRON
studente,NOUN
de,FUNC
18,ADJ
anni,NOUN
de,FUNC
naçionalitæ,NOUN
marocchiña,ADJ
",",PUNCT
Zouhair,NOUN
Atif,NOUN
",",PUNCT
bloccou,ADJ
e,FUNC
desarmou,ADJ
da,FUNC
un,PRON
professô,NOUN
.,PUNCT
Segondo,FUNC
a,FUNC
reconstruçion,NOUN
",",PUNCT
i,PRON
doî,ADJ
aivan,VERB
comensou,VERB
a,FUNC
rattellâ,VERB
inti,FUNC
bagni,NOUN
",",PUNCT
se,PRON
pensa,VERB
pe,FUNC
unna,PRON
figgia,NOUN
",",PUNCT
dapeu,ADVMì
gh,PRON
’,PUNCT
é,VERB
stæto,VERB
l,PRON
’,PUNCT
aggrescion,NOUN
inte,FUNC
unna,PRON
classe,NOUN
.,PUNCT
A,PRON
lamma,NOUN
a,PRON
l,PRON
’,PUNCT
é,VERB
arrivâ,VERB
fin,ADV
a-o,FUNC
figæto,NOUN
e,FUNC
a-a,FUNC
minsa,NOUN
.,PUNCT
I,PRON
meghi,NOUN
de,FUNC
l,PRON
’,PUNCT
uspiâ,NOUN
Sant,ADJ
’,PUNCT
Andria,NOUN
an,VERB
fæto,VERB
tutto,NOUN
o,PRON
poscibile,ADJ
e,FUNC
l,PRON
’,PUNCT
an,VERB
sottopòsto,VERB
à,FUNC
unn,PRON
’,PUNCT
operaçion,NOUN
pe,FUNC
sarvâlo,VERB
",",PUNCT.
ma,FUNC
inta,FUNC
seiaña,NOUN
o,PRON
Youssef,NOUN
o,PRON
l,PRON
’,PUNCT
à,VERB
finio,VERB
de,FUNC
vive,VERB
.,PUNCT
Dòppo,ADV
trent,ADJ
’,PUNCT
anni,NOUN
gh,PRON
’,PUNCT
é,VERB
unna,PRON
sentensa,NOUN
de,FUNC
primmo,ADJ
graddo,NOUN
pe,FUNC
l,PRON
’,PUNCT
assascinio,NOUN
da,FUNC
Nada,NOUN
Cella,NOUN
",",PUNCT
ammassâ,VERB
de,FUNC
24,ADJ
anni,NOUN
into,FUNC
scagno,NOUN
do,FUNC
commerçialista,NOUN
Marco,NOUN
Soracco,NOUN
de,FUNC
Ciavai,NOUN
.,PUNCT
A,PRON
Corte,NOUN
d,FUNC
’,PUNCT
assise,NOUN
de,FUNC
Zena,NOUN
a,PRON
l,PRON
’,PUNCT
à,VERB
deciarou,VERB
corpeive,NOUN.
a,PRON
Annalucia,NOUN
Cecere,NOUN
e,FUNC
a,PRON
l,PRON
’,PUNCT
à,VERB
condannâ,VERB
à,FUNC
24,ADJ
anni,NOUN
de,FUNC
prexon,NOUN
.,PUNCT
A,PRON
Procua,NOUN
a,PRON
l,PRON
’,PUNCT
aiva,VERB
domandou,VERB
a,PRON
prexon,NOUN
à,FUNC
vitta,NOUN
.,PUNCT
O,PRON
Soracco,NOUN
o,PRON
l,PRON
’,PUNCT
é,VERB
stæto,VERB
condannou,VERB
à,FUNC
doî,ADJ
anni,NOUN
pe,FUNC
façilitaçion,NOUN
.,PUNCT
«,PUNCT
Pensava,VERB
che,PRON
l,PRON
’,PUNCT
avessan,VERB
ascordâ,VERB
",",PUNCT
oua,ADV
s,PRON
’,PUNCT
é,VERB
fæto,VERB
giustiçia,NOUN
»,PUNCT
",",PUNCT
o,PRON
commento,NOUN
da,FUNC
coxiña,NOUN
Silvia,NOUN
Cella,NOUN
.,PUNCT
«,PUNCT
Son,VERB
contenta,ADJ
e,FUNC
commòssa,ADJ
",",PUNCT
a,PRON
sentensa,NOUN
d,FUNC
’,PUNCT
ancheu,ADV
a,PRON
l,PRON
’,PUNCT
é,VERB
tròppo,ADV
importante,ADJ
»,PUNCT
",",PUNCT
a,PRON
l,PRON
’,PUNCT
à,VERB
dito,VERB
a,PRON
Sabrina,NOUN
Franzone,NOUN
",",PUNCT
l,PRON
’,PUNCT
avvocata,NOUN
da,FUNC
seu,NOUN
Daniela,NOUN
Cella,NOUN
.,PUNCT
E,PRON
motivaçion,NOUN
da,FUNC
sentensa,NOUN
saian,VERB
fæte,VERB
conosce,VERB
da,FUNC
cjì,ADV
à,FUNC
90,ADJ
giorni,NOUN
.,PUNCT
O,PRON
prescidente,NOUN
da,FUNC
Region,NOUN
Liguria,NOUN
Marco,NOUN
Bucci,NOUN
o,PRON
l,PRON
’,PUNCT
à,VERB
nominou,VERB
i,PRON
doî,ADJ
neuvi,ADJ
assessoî,NOUN
da,FUNC
seu,ADJ
zonta,NOUN
:,PUNCT
son,VERB
a,PRON
Claudia,NOUN
Morich,NOUN
",",PUNCT
pe,FUNC
chinz,ADJ
’,PUNCT
anni,NOUN
à,FUNC
cappo,NOUN
da,FUNC
direçion,NOUN
finançiäia,ADJ
",",PUNCT
e,FUNC
o,PRON
conseggê,NOUN
da,FUNC
Lega,NOUN
Alessio,NOUN
Piana,NOUN
.,PUNCT
I,PRON
componenti,NOUN
montan,VERB
coscì,ADV
à,FUNC
neuve,ADJ
graçie,ADV
a-a,FUNC
reforma,NOUN
do,FUNC
Statuto,NOUN
e,FUNC
a-a,FUNC
lezze,NOUN
naçionale,ADJ
.,PUNCT
A,PRON
Simona,NOUN
Ferro,NOUN
a,VERB
vëgne,VERB
viçeprescidente,NOUN
incangio,ADV
do,FUNC
Alessandro,NOUN
Piana,NOUN
.,PUNCT
O,PRON
Giacomo,NOUN
Giampedrone,NOUN
o,PRON
piggia,VERB
unna,PRON
neuva,ADJ
delega,NOUN
in,FUNC
sciâ,FUNC
diga,NOUN
do,FUNC
pòrto,NOUN
de,FUNC
Zena,NOUN
e,FUNC
quella,PRON
à,FUNC
l,FUNC
’,PUNCT
Ambiente,NOUN
a,PRON
va,VERB
a-o,FUNC
Paolo,NOUN
Ripamonti,NOUN
.,PUNCT
O,PRON
Angelo,NOUN
Vaccarezza,NOUN
o,PRON
l,PRON
’,PUNCT
avià,VERB
un,PRON
incarrego,NOUN
in,FUNC
scê,FUNC
relaçioin,NOUN
internaçionale,ADJ
e,FUNC
i,PRON
Enti,NOUN
locali,ADJ
.,PUNCT
«,PUNCT
A,PRON
maggioransa,NOUN
a,PRON
l,PRON
’,PUNCT
é,VERB
fòrte,ADJ
»,PUNCT
",",PUNCT
o,PRON
l,PRON
’,PUNCT
à,VERB
respòsto,VERB
o,PRON
Bucci,NOUN
in,FUNC
scê,FUNC
rouxie,NOUN
che,PRON
vegnieivan,VERB
da-e,FUNC
liste,NOUN
çiviche,ADJ
.,PUNCT
Se,PRON
votià,VERB
a-i,FUNC
22,ADJ
e,FUNC
23,ADJ.
de,FUNC
marso,NOUN
pe-o,FUNC
referendum,NOUN
constituçionale,ADJ
in,FUNC
sciâ,FUNC
reforma,NOUN
da,FUNC
giustiçia,NOUN
ch,PRON
’,PUNCT
o,PRON
prevedde,VERB
sorviatutto,ADV
a,PRON
spartiçion,NOUN
de,FUNC
carree,NOUN
di,FUNC
magistrati,NOUN
.,PUNCT
A,PRON
deçixon,NOUN
a,PRON
l,PRON
’,PUNCT
é,VERB
stæta,VERB
piggiâ,VERB
da-o,FUNC
Conseggio,NOUN
di,FUNC
ministri,NOUN
.,PUNCT
L,PRON
’,PUNCT
oppoxiçion,NOUN
a,PRON
protesta,VERB
:,PUNCT
«,PUNCT
O,PRON
Governo,NOUN
o,PRON
l,PRON
’,PUNCT
à,VERB
poia,NOUN
di,FUNC
çittæn,NOUN
informæ,ADJ
»,PUNCT
.,PUNCT
Intanto,ADV
l,PRON
’,PUNCT
iniçiativa,NOUN
popolare,ADJ
pe,FUNC
ottegnî,VERB
un,PRON
referendum,NOUN
in,FUNC
sciâ,FUNC
mæxima,ADJ
lezze,NOUN
o,PRON
l,PRON
’,PUNCT
é,VERB
arrivou,VERB
a-o,FUNC
quorum,NOUN
de,FUNC
500mia,ADJ
firme,NOUN
.,PUNCT
Contra,ADV
a,PRON
delibera,NOUN
do,FUNC
Governo,NOUN
co-a,FUNC
dæta,NOUN
da,FUNC
votaçion,NOUN
i,PRON
proponenti,NOUN
an,VERB
presentou,VERB
un,PRON
recorso,NOUN
a-o,FUNC
Tar,NOUN
do,FUNC
Laçio,NOUN
.,PUNCT
I,FUNC
giudiçi,NOUN
amministrativi,ADJ
no,FUNC
an,VERB
sospeiso,VERB
o,PRON
provedimento,NOUN
",",PUNCT
ma,FUNC
an,VERB
fissou,VERB
a,PRON
deçixon,NOUN
a-i,FUNC
27,ADJ
de,FUNC
zenâ,NOUN
",",PUNCT
a,PRON
meitæ,NOUN
di,FUNC
termini,NOUN
de,FUNC
lezze,NOUN
.,PUNCT
O,PRON
prescidente,NOUN
de,FUNC
l,PRON
’,PUNCT
Autoritæ,NOUN
garante,VERB
pe-a,FUNC
proteçion,NOUN
di,FUNC
dæti,NOUN
personali,ADJ
Pasquale,NOUN
Stanzione,NOUN
o,PRON
l,PRON
’,PUNCT
é,VERB
indagou,VERB
da-a,FUNC
Procua,NOUN
de,FUNC
Romma,NOUN
",",PUNCT
insemme,ADV
con,FUNC
tutto,NOUN
o,PRON
Collegio,NOUN
",",PUNCT
pe,FUNC
corruçion,NOUN
e,FUNC
destornaçion,NOUN
de,FUNC
dinæ,NOUN
pubrichi,ADJ
.,PUNCT
L,PRON
’,PUNCT
investigaçion,NOUN
a,PRON
l,PRON
’,PUNCT
ea,VERB
stæta,VERB
inandiâ,VERB
inti,FUNC
meixi,NOUN
passæ,ADJ
dòppo,ADV
di,FUNC
serviçi,NOUN
mandæ,ADJ
in,FUNC
onda,NOUN
da,FUNC
Report,OTHER
",",PUNCT
a-i,FUNC
15,ADJ
de,FUNC
zenâ,NOUN
gh,PRON
’,PUNCT
é,VERB
stæto,VERB
ascì,ADV
de,FUNC
perquixiçioin,NOUN
.,PUNCT
Pe,FUNC
l,PRON
’,PUNCT
accusa,NOUN
i,PRON
indagæ,NOUN
avieivan,VERB
reçevuo,VERB
de,FUNC
tessie,NOUN
de,FUNC
l,PRON
’,PUNCT
Ita,OTHER
Airways,OTHER
in,FUNC
cangio,NOUN
de,FUNC
unna,PRON
sançion,NOUN
mancâ,ADJ
",",PUNCT
e,FUNC
avieivan,VERB
fæto,VERB
de,FUNC
speise,NOUN
–,PUNCT
comme,ADV
röba,NOUN
da,FUNC
mangiâ,VERB
",",PUNCT
appontamenti,NOUN
da-o,FUNC
perrucchê,NOUN
",",PUNCT
viægi,NOUN
e,FUNC
aberghi,NOUN
à,FUNC
çinque,ADJ
stelle,NOUN
–,PUNCT
co-i,FUNC
dinæ,NOUN
de,FUNC
l,PRON
’,PUNCT
Autoritæ,NOUN
.,PUNCT
«,PUNCT
Ninte,PRON
dimiscioin,NOUN
",",PUNCT
anemmo,VERB
avanti,ADV
»,PUNCT
",",PUNCT
a,PRON
deciaraçion,NOUN
do,FUNC
Collegio,NOUN
.,FUNC
O,PRON
Alberto,NOUN
Trentini,NOUN
e,FUNC
o,PRON
Mario,NOUN
Burlò,NOUN
son,VERB
tornæ,VERB
in,FUNC
Italia,NOUN
dòppo,ADV
che,PRON
son,VERB
stæti,VERB
in,FUNC
prexon,NOUN
in,FUNC
Venezuela,VERB
pe,FUNC
400,ADJ
giorni,NOUN
e,FUNC
passa,ADV
.,PUNCT
I,PRON
doî,ADJ
italien,NOUN
",",PUNCT
liberæ,VERB
apreuvo,ADV
à,FUNC
l,PRON
’,PUNCT
arresto,NOUN
do,FUNC
prescidente,NOUN
Maduro,NOUN
",",PUNCT
son,VERB
stæti,VERB
reçevui,VERB
à,FUNC
Ciampino,NOUN
da-a,FUNC
prescidente,NOUN
Meloni,NOUN
e,FUNC
da-o,FUNC
ministr,NOUN
Tajani,NOUN
.,PUNCT
«,PUNCT
A,PRON
nòstra,ADJ
contentessa,NOUN
a,PRON
gh,PRON
’,PUNCT
à,FUNC
un,PRON
prexo,NOUN
ertiscimo,ADJ
–,PUNCT
o,PRON
l,PRON
’,PUNCT
à,VERB
dito,VERB
o,PRON
Trentini,NOUN
–,PUNCT
gh,PRON
’,PUNCT
emmo,VERB
beseugno,NOUN
de,FUNC
sënitæ,NOUN
ma,FUNC
i,PRON
patimenti,NOUN
no,FUNC
se,PRON
scassan,VERB
»,PUNCT
.,PUNCT
«,PUNCT
A,PRON
l,PRON
’,PUNCT
é,VERB
stæta,VERB
ben,ADV
ben,ADV
dua,ADJ
»,PUNCT
",",PUNCT
o,PRON
commento,NOUN
do,FUNC
Burlò,NOUN
.,PUNCT
A,PRON
diplomaçia,NOUN
e,FUNC
i,PRON
serviçi,NOUN
segretti,ADJ
son,VERB
a-o,FUNC
travaggio,NOUN
pe,FUNC
portâ,VERB
inderê,ADV
atri,ADJ
42,ADJ
italien,NOUN
.,PUNCT
Miggiæa,ADJ
de,PRON
mòrti,NOUN
in,FUNC
Iran,NOUN
pe-e,FUNC
proteste,NOUN
contra,ADV
o,PRON
regimme,NOUN
di,FUNC
ayatollah,NOUN
.,PUNCT
Iran,NOUN
International,OTHER
o,PRON
l,PRON
’,PUNCT
à,VERB
astimmou,VERB
a-o,FUNC
manco,FUNC
12mia,ADJ
vittime,NOUN
",",PUNCT
e,PRON
ciù,ADV
tante,ADJ
sotta,ADV
i,PRON
30,ADJ
anni,NOUN
",",PUNCT
pe-o,FUNC
governo,NOUN
son,VERB
3mia,ADJ
compreiso,ADJ
a,PRON
poliçia,NOUN
.,PUNCT
O,PRON
prescidente,NOUN
american,ADJ
Donald,NOUN
Trump,NOUN
o,PRON
l,PRON
’,PUNCT
à,VERB
sponciou,VERB
i,PRON
manifestanti,NOUN
à,FUNC
anâ,VERB
avanti,ADV
e,FUNC
piggiâ,VERB
o,PUNCT
contròllo,NOUN
de,FUNC
instituçioin,NOUN
:,PUNCT
«,PUNCT
L,PRON
’,PUNCT
aggiutto,NOUN
o,PRON
l,PRON
’,PUNCT
é,VERB
in,FUNC
arrivo,NOUN
»,PUNCT
",",PUNCT
o,PRON
l,PRON
’,PUNCT
à,VERB.
promisso,VERB
.,PUNCT
Pe,FUNC
Mosca,NOUN
e,PRON
menasse,NOUN
à,FUNC
Teheran,NOUN
«,PUNCT
no,FUNC
se,PRON
peuan,VERB
açettâ,VERB
»,PUNCT
e,FUNC
un,PRON
neuvo,ADJ
attacco,NOUN
o,PRON
l,PRON
’,PUNCT
avieiva,VERB
«,PUNCT
conseguense,NOUN
desastrose,ADJ
»,PUNCT
.,PUNCT
Ma,FUNC
i,PRON
Stati,NOUN
Unii,ADJ
saieivan,VERB
pronti,ADJ
o,PRON
mæximo,ADJ
à,FUNC
un,PRON
intervento,NOUN
militare,ADJ
.,PUNCT
I,PRON
Paixi,NOUN
europëi,ADJ
an,VERB
serrou,VERB
e,PRON
ambasciæ,NOUN
e,FUNC
an,VERB
invitou,VERB
i,PRON
seu,ADJ
çittæn,NOUN
à,FUNC
lasciâ,VERB
o,PRON
Paise,NOUN
.,PUNCT
O,PRON
Reza,NOUN
Pahlavi,NOUN
",",PUNCT
figgio,NOUN
de,FUNC
l,PRON
’,PUNCT
urtimo,ADJ
scià,NOUN
:,PUNCT
«,PUNCT
Son,VERB
l,PRON
’,PUNCT
unico,ADJ
ch,PRON
’,PUNCT
o,PRON
peu,VERB
garantî,VERB
a,PRON
tranxiçion,NOUN
»,PUNCT
.,PUNCT
«,PUNCT
A,PRON
Groenlandia,NOUN
a,PRON
ne,FUNC
serve,VERB
pe,FUNC
raxoin,NOUN
de,FUNC
seguessa,NOUN
»,PUNCT
.,PUNCT
L,PRON
’,PUNCT
à,VERB
dito,VERB
torna,ADV
o,PRON
prescidente,NOUN
di,FUNC
Stati,NOUN
Unii,ADJ
Donald,NOUN
Trump,NOUN
",",PUNCT
cha,PRON
dapeu,ADV
o,PRON
l,PRON
’,PUNCT
à,VERB
menassou,VERB
o,PRON
resto,NOUN
do,FUNC
mondo,NOUN
:,PUNCT
«,PUNCT
Daçi,NOUN
à,FUNC
chi,PRON
se,PRON
mette,VERB
contra,ADV
di,FUNC
mi,PRON
»,PUNCT
.,PUNCT
Ma,FUNC
a,PRON
Ruscia,NOUN
a,PRON
l,PRON
’,PUNCT
à,VERB
strinou,VERB
:,PUNCT
«,PUNCT
Pe,FUNC
noiatri,PRON
a,PRON
l,PRON
’,PUNCT
é,VERB
parte,NOUN
do,FUNC
Regno,NOUN
de,FUNC
Danimarca,NOUN
»,PUNCT
.,PUNCT
Intanto,ADV
Copenaghen,NOUN
a,PRON
l,PRON
’,PUNCT
à,VERB
rinforsou,VERB
a,PRON
presensa,NOUN
militare,ADJ
in,FUNC
sce,FUNC
l,PRON
’,PUNCT
isoa,NOUN
",",PUNCT
a,PRON
Sveçia,NOUN
a,PRON
l,PRON
’,PUNCT
à,VERB
mandou,VERB
di,FUNC
sordatti,NOUN
e,FUNC
o,PRON
Regno,NOUN
Unio,ADJ
ascì,ADV
o,PRON
l,PRON
’,PUNCT
é,VERB
apreuvo,ADV
à,FUNC
negoçiâ,VERB
co-i,FUNC
amixi,NOUN
europëi,ADJ
un,PRON
intervento,NOUN
pe,FUNC
garantî,VERB
a,PRON
seguessa,NOUN
de,FUNC
l,PRON
’,PUNCT
Artico,NOUN
.,PUNCT
A,PRON
Fransa,NOUN
a,PRON
l,PRON
’,PUNCT
é,VERB
pronta,ADJ
à,FUNC
spedî,VERB
fin,ADV
à,FUNC
6mila,ADJ
sordatti,NOUN
in,FUNC
Ucraina,NOUN
dòppo,ADV
finio,VERB
a,PRON
guæra,NOUN
e,FUNC
Londra,NOUN
a,PRON
mettià,VERB
230,ADJ
mioin,NOUN
pe-o,FUNC
seu,ADJ
exerçito,NOUN
.,PUNCT
L,PRON
’,PUNCT
investigaçion,NOUN
in,FUNC
sciâ,FUNC
strage,NOUN
do,FUNC
Primmo,ADJ
de,FUNC
l,PRON
’,PUNCT
anno,NOUN
à,FUNC
Crans-Montana,NOUN
",",PUNCT
in,FUNC
Svissera,NOUN
",",PUNCT
donde,ADV
40,ADJ
persoñe,NOUN
son,VERB
mòrte,VERB
inte,FUNC
l,PRON
’,PUNCT
inçendio,NOUN
de,FUNC
un,PRON
locale,NOUN
",",PUNCT
a,PRON
s,PRON
’,PUNCT
allarga,VERB
a-i,FUNC
contròlli,NOUN
mancæ,ADJ
da,FUNC
parte,NOUN
do,FUNC
Commun,NOUN
.,PUNCT
A,PRON
viçescindica,NOUN
do,FUNC
paise,NOUN
a,PRON
l,PRON
’,PUNCT
à,VERB
ciammou,VERB
scuse,NOUN
.,PUNCT
O,PRON
Jacques,NOUN
Moretti,NOUN
",",PUNCT
baccan,NOUN
do,FUNC
Le,PRON
Constellation,OTHER
co-a,FUNC
moggê,NOUN
Jessica,NOUN
",",PUNCT
o,PRON
l,PRON
’,PUNCT
é,VERB
ancon,ADV
in,FUNC
prexon,NOUN
pe-o,FUNC
reisego,NOUN
de,FUNC
fuga,NOUN
",",PUNCT
ma,FUNC
a,PRON
Procua,NOUN
de,FUNC
Sion,NOUN
a,PRON
l,PRON
’,PUNCT
avieiva,VERB
domandou,VERB
unna,PRON
cauçion,NOUN
de,FUNC
400mia,ADJ
franchi,NOUN
pe,FUNC
mettilo,VERB
in,FUNC
libertæ,NOUN
.,PUNCT
O,PRON
l,PRON
’,PUNCT
à,VERB
ammisso,VERB
che,PRON
a,PRON
pòrta,NOUN
a-o,FUNC
cian,NOUN
terren,ADJ
a,PRON
l,PRON
’,PUNCT
ea,VERB
serrâ,VERB
co-a,FUNC
ciave,NOUN
e,FUNC
ch,PRON
’,PUNCT
o,PRON
l,PRON
’,PUNCT
aiva,VERB
cangiou,VERB
lê,PRON
a,PRON
scciumma,NOUN
anti-fô,ADJ
ch,PRON
’,PUNCT
a,PRON
l,PRON
’,PUNCT
à,VERB
piggiou,VERB
feugo,NOUN
.,PUNCT
I,PRON
doî,NOUN
son,VERB
accaxonæ,VERB
d,FUNC
’,PUNCT
ammassamento,NOUN
",",PUNCT
lexoin,NOUN
e,FUNC
inçendio,NOUN
corpoxi,ADJ
.,PUNCT
A,PRON
dònna,NOUN
a,PRON
gh,PRON
’,PUNCT
à,VERB
solo,ADV
l,PRON
’,PUNCT
òbrigo,NOUN
de,FUNC
firma,NOUN
.,PUNCT
O,PRON
Mohammad,NOUN
Hannoun,NOUN
",",PUNCT
l,PRON
’,PUNCT
attivista,NOUN
palestineise,ADJ
de,FUNC
63,ADJ
anni,NOUN
arrestou,VERB
à,FUNC
Zena,NOUN
con,FUNC
l,PRON
’,PUNCT
accusa,NOUN
d,FUNC
’,PUNCT
avei,VERB
finançiou,VERB
Hamas,NOUN
e,FUNC
d,FUNC
’,PUNCT
ëse,VERB
o,PRON
cappo,NOUN
da,FUNC
çellula,NOUN
italiaña,ADJ
de,FUNC
l,PRON
’,PUNCT
organizzaçion,NOUN
",",PUNCT
o,PRON
l,PRON
’,PUNCT
é,VERB
stæto,VERB
portou,VERB
da-a,FUNC
prexon,NOUN
de,FUNC
Marasci,NOUN
à,FUNC
quella,PRON
de,FUNC
Terni,NOUN
inte,FUNC
unna,PRON
seçion,NOUN
d,FUNC
’,PUNCT
erta,ADJ
seguessa,NOUN
destinâ,VERB
a-i,FUNC
detegnui,NOUN
pe,FUNC
terroriximo,NOUN
.,PUNCT
I,PRON
seu,ADJ
avvocati,NOUN
an,VERB
fæto,VERB
recorso,NOUN
a-o,FUNC
Tribunâ,NOUN
do,FUNC
reexamme,NOUN
pe,FUNC
domandâne,VERB
a,PRON
liberaçion,NOUN
.,PUNCT
Into,FUNC
gruppo,NOUN
de,FUNC
magistrati,NOUN
che,PRON
guiddan,VERB
l,PRON
’,PUNCT
investigaçion,NOUN
ghe,PRON
saià,VERB
ascì,ADV
o,PRON
Luca,NOUN
Monteverde,NOUN
",",PUNCT
ch,PRON
’,PUNCT
o,PRON
l,PRON
’,PUNCT
aiva,VERB
indagou,VERB
ascì,ADV
in,FUNC
sciô,FUNC
passou,VERB
prescidente,NOUN
da,FUNC
Region,NOUN
Giovanni,NOUN
Toti,NOUN
.,PUNCT
Intanto,ADV
in,FUNC
sce,FUNC
Instagram,NOUN
l,PRON
’,PUNCT
é,VERB
stæto,VERB
averto,VERB
un,PRON
neuvo,ADJ
profî,NOUN
Orizzonte,NOUN
Umanitario,ADJ
",",PUNCT
pe,FUNC
dâ,VERB
voxe,NOUN
à,FUNC
l,PRON
’,PUNCT
assoçiaçion,NOUN
do,FUNC
Hannoun,NOUN
.,PUNCT
Un,PRON
allenatô,NOUN
de,FUNC
savate,NOUN
da,FUNC
provinsa,NOUN
d,FUNC
’,PUNCT
Impëia,NOUN
o,PRON
l,PRON
’,PUNCT
é,VERB
stæto,VERB
arrestou,VERB
pe,FUNC
violensa,NOUN
sessuale,ADJ
in,FUNC
sce,FUNC
træ,ADJ
atlete,NOUN
",",PUNCT
de,FUNC
quæ,PRON
doe,ADJ
minoî,NOUN
.,PUNCT
L,PRON
’,PUNCT
investigaçion,NOUN
",",PUNCT
partia,ADJ
da-a,FUNC
testimoniansa,NOUN
d,FUNC
’,PUNCT
uña,NOUN
de,FUNC
zoene,NOUN
",",PUNCT
a,PRON
l,PRON
’,PUNCT
à,VERB
permisso,VERB
d,FUNC
’,PUNCT
incriminâ,VERB
l,PRON
’,PUNCT
òmmo,NOUN
:,PUNCT
segondo,ADV
l,PRON
’,PUNCT
accusa,NOUN
",",PUNCT
graçie,ADV
a-a,FUNC
seu,ADJ
poxiçion,NOUN
",",PUNCT
o,PRON
l,PRON
’,PUNCT
avieiva,VERB
commisso,VERB
di,FUNC
abuxi,NOUN
gravi,ADJ
e,FUNC
scistematichi,ADJ
con,FUNC
fâli,VERB
passâ,VERB
pe,FUNC
«,PUNCT
strumenti,NOUN
de,FUNC
crescita,NOUN
sportiva,ADJ
e,FUNC
profescionale,ADJ
»,PUNCT
.,PUNCT
S,PRON
’,PUNCT
anava,VERB
da-i,FUNC
apprexamenti,NOUN
a-i,FUNC
baxi,NOUN
in,FUNC
bocca,NOUN
fin,ADV
a-i,FUNC
massaggi,NOUN
inti,FUNC
quæ,PRON
l,PRON
’,PUNCT
òmmo,NOUN
o,PRON
toccava,VERB
e,FUNC
parte,NOUN
intime,ADJ
de,FUNC
figge,NOUN
",",PUNCT
sciben,ADV
che,PRON
loiatre,PRON
cianzeivan,VERB
ò,FUNC
tremmavan,VERB
.,PUNCT
Pe-o,FUNC
momento,NOUN
o,PRON
no,ADV
porrià,VERB
avvexinâse,VERB
a-e,FUNC
vittime,NOUN
.,PUNCT
A,PRON
Guardia,NOUN
de,FUNC
finansa,NOUN
de,FUNC
Zena,NOUN
",",PUNCT
insemme,ADV
co-i,FUNC
fonçionäi,NOUN
de,FUNC
l,PRON
’,PUNCT
Agençia,NOUN
de,FUNC
dugañe,NOUN
",",PUNCT
an,VERB
descoverto,VERB
e,FUNC
sexio,VERB
into,FUNC
pòrto,NOUN
de,FUNC
San,OTHER
Pê,NOUN
d,FUNC
’,PUNCT
Æña,NOUN
un,PRON
carrego,NOUN
de,FUNC
2,ADJ
tonnëi,NOUN
e,FUNC
passa,ADV
da,FUNC
cocaiña,NOUN
sccetta,ADJ
.,PUNCT
O,PRON
l,PRON
’,PUNCT
é,VERB
un,PRON
di,FUNC
sequestri,NOUN
ciù,ADV
gròsci,ADJ
mai,ADV
fæti,VERB
à,FUNC
Zena,NOUN
",",PUNCT
un,PRON
pòrto,NOUN
donde,ADV
passa,VERB
un,PRON
muggio,NOUN
de,FUNC
trafeghi,NOUN
pe,FUNC
l,PRON
’,PUNCT
Euröpa,NOUN
.,PUNCT
A,PRON
dröga,NOUN
",",PUNCT
se,ADV
missa,VERB
in,FUNC
sciô,FUNC
mercou,NOUN
",",PUNCT
a,PRON
l,PRON
’,PUNCT
avieiva,VERB
fæto,VERB
guägnâ,VERB
un,PRON
miliardo,NOUN
e,FUNC
mezo,NOUN
d,FUNC
’,PUNCT
euro,NOUN
.,PUNCT
A,PRON
povie,NOUN
gianca,ADJ
",",PUNCT
spartia,VERB
inte,FUNC
2.109,ADJ
panetti,NOUN
",",PUNCT
a,PRON
l,PRON
’,PUNCT
ea,VERB
ascosa,ADJ
drento,ADV
à,FUNC
87,ADJ
sacchi,NOUN
inte,FUNC
un,PRON
container,NOUN
ch,PRON
’,PUNCT
o,PRON
ne,PRON
vegniva,VERB
da-a,FUNC
Colombia,NOUN
.,PUNCT
«,PUNCT
I,PRON
giudiçi,NOUN
rendan,VERB
inutile,ADJ
o,PRON
travaggio,NOUN
da,FUNC
poliçia,NOUN
e,FUNC
do,FUNC
Parlamento,NOUN
»,PUNCT
e,FUNC
«,PUNCT
mettan,VERB
à,FUNC
reisego,NOUN
a,PRON
seguessa,NOUN
»,PUNCT
.,PUNCT
Coscì,ADV
a,PRON
prescidente,NOUN
do,FUNC
Conseggio,NOUN
Giorgia,NOUN
Meloni,NOUN
inta,FUNC
conferensa,NOUN
stampa,NOUN
do,FUNC
prinçipio,NOUN
de,FUNC
l,PRON
’,PUNCT
anno,NOUN
.,PUNCT
«,PUNCT
E,PRON
mæ,ADJ
relaçioin,NOUN
co-o,FUNC
Quirinale,NOUN
son,VERB
boniscime,ADJ
–,PUNCT
a,PRON
l,PRON
’,PUNCT
à,VERB
dito,VERB
–,PUNCT
.,PUNCT
Co-o,FUNC
prescidente,NOUN
da,FUNC
Repubrica,NOUN
no,ADV
semmo,VERB
sempre,ADV
d,FUNC
’,PUNCT
accòrdio,NOUN
",",PUNCT
ma,FUNC
pe,FUNC
defende,VERB
l,PRON
’,PUNCT
interesse,NOUN
naçionale,ADJ
o,PRON
gh,PRON
’,PUNCT
é,VERB
»,PUNCT
.,PUNCT
A,PRON
Meloni,NOUN
a,PRON
l,PRON
’,PUNCT
à,VERB
respòsto,VERB
à,FUNC
unna,PRON
quaranteña,NOUN
de,FUNC
domande,NOUN
e,FUNC
a,PRON
l,PRON
’,PUNCT
à,VERB
annonçiou,VERB
a,PRON
dæta,NOUN
pe-o,FUNC
referendum,NOUN
in,FUNC
sciâ,FUNC
giustiçia,NOUN
:,PUNCT
i,PRON
22,ADJ
e,FUNC
23,ADJ
de,FUNC
marso,NOUN
.,PUNCT
«,PUNCT
Me,PRON
basta,VERB
e,FUNC
m,PRON
’,PUNCT
appascioña,VERB
quello,PRON
che,PRON
son,VERB
apreuvo,ADV
à,FUNC
fâ,VERB
–,PUNCT
a,PRON
l,PRON
’,PUNCT
à,VERB
azzonto,VERB
–,PUNCT
.,PUNCT
Se,ADV
ô,PRON
faiò,VERB
ancon,ADV
dependià,VERB
da-o,FUNC
voto,NOUN
di,FUNC
italien,NOUN
»,PUNCT
.,PUNCT
Un,PRON
cappotreno,NOUN
de,FUNC
34,ADJ
anni,NOUN
",",PUNCT
Alessandro,NOUN
Ambrosio,NOUN
",",PUNCT
o,PRON
l,PRON
’,PUNCT
é,VERB
stæto,VERB
ammassou,VERB
à,FUNC
cotellæ,NOUN
vexin,ADV
à,FUNC
un,PRON
parchezzo,NOUN
d,FUNC
’,PUNCT
arente,ADV
a-a,FUNC
staçion,NOUN
de,FUNC
Bològna,NOUN
",",PUNCT
inte,FUNC
unn,PRON
’,PUNCT
äia,NOUN
reservâ,VERB
a-i,FUNC
dependenti,NOUN
",",PUNCT
parrieiva,VERB
sensa,ADV
unna,PRON
raxon,NOUN
.,PUNCT
A,PRON
poliçia,NOUN
a,PRON
l,PRON
’,PUNCT
à,VERB
arrestou,VERB
o,PRON
Marin,NOUN
Jelenik,NOUN
",",PUNCT
un,PRON
croato,NOUN
de,FUNC
36,ADJ
anni,NOUN
",",PUNCT
ch,PRON
’,PUNCT
o,PRON
l,PRON
’,PUNCT
ea,VERB
davanti,ADV
a-a,FUNC
staçion,NOUN
sensa,ADV
papê,NOUN
.,PUNCT
O,PRON
l,PRON
’,PUNCT
é,VERB
accaxonou,VERB
d,FUNC
’,PUNCT
ammassamento,NOUN
.,PUNCT
O,PRON
l,PRON
’,PUNCT
aiva,VERB
un,PRON
muggio,NOUN
de,FUNC
crimini,NOUN
passæ,ADJ
comme,ADV
rapiñe,NOUN
",",PUNCT
fastiddi,NOUN
sessuali,ADJ
e,FUNC
aggrescion,NOUN
",",PUNCT
e,FUNC
ascì,ADV
un,PRON
ordine,NOUN
europeo,ADJ
d,FUNC
’,PUNCT
allontanamento,NOUN
pe,FUNC
ëse,VERB
stæto,VERB
trovou,VERB
con,FUNC
un,PRON
cotello,NOUN
.,PUNCT
A-i,FUNC
30,ADJ
de,FUNC
dexembre,NOUN
ghe,PRON
l,PRON
’,PUNCT
aivan,VERB
sexio,VERB
à,FUNC
Pavia,NOUN
.,PUNCT
À,FUNC
Udine,NOUN
o,PRON
l,PRON
’,PUNCT
aiva,VERB
devastou,VERB
un,PRON
supermercou,NOUN
.,PUNCT
Milan,NOUN
a,PRON
se,PRON
conferma,VERB
a,PRON
çittæ,NOUN
italiaña,ADJ
co-o,FUNC
costo,NOUN
da,FUNC
vitta,NOUN
ciù,ADV
erto,ADJ
anche,ADV
do,FUNC
2025,ADJ
.,PUNCT
Quella,PRON
ciù,ADV
à,FUNC
bon,ADJ
patto,NOUN
a,PRON
l,PRON
’,PUNCT
é,VERB
Napoli,NOUN
",",PUNCT
ma,FUNC
se,ADV
s,PRON
’,PUNCT
ammia,VERB
solo,ADV
a-a,FUNC
speisa,NOUN
pe-o,FUNC
mangiâ,VERB
convegnieiva,VERB
stâ,VERB
à,FUNC
Catanzaro,NOUN
ciufito,ADV
che,PRON
à,FUNC
Bolsan,NOUN
",",PUNCT
a,PRON
ciù,ADV
caa,ADJ
da,FUNC
sto,PRON
ponto,NOUN
de,FUNC
vista,NOUN
.,PUNCT
A,PRON
clascifica,NOUN
a,PRON
sata,VERB
feua,ADV
da,FUNC
un,PRON
studio,NOUN
do,FUNC
Codacons,NOUN
basou,VERB
in,FUNC
scî,FUNC
dæti,NOUN
de,FUNC
l,PRON
’,PUNCT
Osservatöio,NOUN
di,FUNC
prexi,NOUN
do,FUNC
ministëio,NOUN
de,FUNC
Impreise,NOUN
.,PUNCT
Piggiando,VERB
un,PRON
panê,NOUN
compòsto,VERB
da,FUNC
fruta,NOUN
e,FUNC
verdua,NOUN
",",PUNCT
alimentari,NOUN
e,FUNC
serviçi,NOUN
comme,ADV
o,PRON
dentista,NOUN
",",PUNCT
o,PRON
perrucchê,NOUN
ò,FUNC
a,PRON
tenzaia,NOUN
",",PUNCT
à,FUNC
Milan,NOUN
se,ADV
spende,VERB
squæxi,ADV
600,ADJ
euro,NOUN
",",PUNCT
o,PRON
62,ADJ
%,PUNCT
in,FUNC
ciù,FUNC
che,PRON
à,PRON
Napoli,NOUN
pe-o,FUNC
mæximo,ADV
panê,NOUN
.,PUNCT
In,FUNC
sciô,FUNC
pòdio,NOUN
de,FUNC
çittæ,NOUN
ciù,ADV
caistriose,ADJ
gh,PRON
’,PUNCT
é,VERB
Aòsta,NOUN
e,FUNC
Bolsan,NOUN
ascì,ADV
.,PUNCT
Inta,FUNC
neutte,NOUN
tra,FUNC
i,PRON
2,ADJ
e,FUNC
i,PRON
3,ADJ
de,FUNC
zenâ,NOUN
i,PRON
Stati,NOUN
Unii,NOUN
an,VERB
attaccou,VERB
o,PRON
Venezuela,NOUN
e,FUNC
an,VERB
acciappou,VERB
o,PRON
prescidente,NOUN
Nicolas,NOUN
Moduro,NOUN
co-a,FUNC
moggê,NOUN
tanto,ADV
che,ADV
dormivan,VERB
.,PUNCT
Inte,FUNC
l,PRON
’,PUNCT
operaçion,NOUN
gh,PRON
’,PUNCT
é,VERB
stæto,VERB
a-o,FUNC
manco,ADV
80,ADJ
mòrti,NOUN
tra,FUNC
militari,NOUN
e,FUNC
çivili,NOUN
.,PUNCT
«,PUNCT
Gestiemo,VERB
o,PRON
Paise,NOUN
fin,ADV
a-a,FUNC
tranxiçion,NOUN
»,PUNCT
",",PUNCT
o,PRON
l,PRON
’,PUNCT
à,VERB
dito,VERB
o,PRON
Trump,NOUN
",",PUNCT
ch,PRON
’,PUNCT
o,PRON
l,PRON
’,PUNCT
à,VERB
annonçiou,VERB
l,PRON
’,PUNCT
arrivo,NOUN
de,FUNC
compagnie,NOUN
do,FUNC
petròlio,NOUN
.,PUNCT
O,PRON
Maduro,NOUN
",",PUNCT
accaxonou,VERB
de,FUNC
narcoterroriximo,NOUN
",",PUNCT
o,PRON
s,PRON
’,PUNCT
é,VERB
proclammou,VERB
innoçente,NOUN
.,PUNCT
A,PRON
Delcy,NOUN
Rodriguez,NOUN
a,PRON
l,PRON
’,PUNCT
é,VERB
stæta,VERB
incarregâ,VERB
prescidente,NOUN
ad,OTHER
interim,OTHER
.,PUNCT
Oua,ADV
o,PRON
Trump,NOUN
o,PRON
veu,VERB
à,PRON
Groenlandia,NOUN
:,PUNCT
«,PUNCT
N,PRON
’,PUNCT
emmo,VERB
de,FUNC
beseugno,NOUN
pe-a,FUNC
seguessa,NOUN
naçionale,ADJ
",",PUNCT
a,PRON
Danimarca,NOUN
a,PRON
no,ADV
saià,VERB
boña,ADJ
à,FUNC
dâghe,VERB
a,FUNC
mente,NOUN
»,PUNCT
.,PUNCT
Gh,PRON
’,PUNCT
é,VERB
anche,ADV
l,PRON
’,PUNCT
ipòtexi,NOUN
de,FUNC
mandâghe,VERB
l,PRON
’,PUNCT
exerçito,NOUN
pe,FUNC
piggiâla,VERB
.,PUNCT
L,PRON
’,PUNCT
Union,NOUN
europea,ADJ
invexendâ,ADJ
:,PUNCT
«,PUNCT
A,PRON
l,PRON
’,PUNCT
é,VERB
autònoma,ADJ
",",PUNCT
a,PRON
va,VERB
respettâ,VERB
»,PUNCT
.,PUNCT
A,PRON
Procua,NOUN
de,FUNC
Sion,NOUN
a,PRON
l,PRON
’,PUNCT
à,VERB
commandou,VERB
l,PRON
’,PUNCT
arresto,NOUN
pe-o,FUNC
Jacques,NOUN
Moretti,NOUN
",",PUNCT
o,PRON
baccan,NOUN
do,FUNC
locale,NOUN
La,PRON
Constellation,NOUN
de,FUNC
Crans-Montana,NOUN
",",PUNCT
in,FUNC
Svissera,NOUN
",",PUNCT
donde,ADV
l,PRON
’,PUNCT
é,VERB
avvegnuo,VERB
l,PRON
’,PUNCT
inçendio,NOUN
do,FUNC
Primmo,ADJ
de,FUNC
l,PRON
’,PUNCT
anno,NOUN
con,FUNC
40,ADJ
mòrti,NOUN
",",PUNCT
squæxi,ADV
tutti,ADJ
zoenòtti,NOUN
.,PUNCT
Pe-a,FUNC
moggê,NOUN
Jessica,NOUN
l,PRON
’,PUNCT
é,VERB
stæto,VERB
dispòsto,VERB
l,PRON
’,PUNCT
arresto,NOUN
in,FUNC
cà,NOUN
.,PUNCT
O,PRON
provedimento,NOUN
",",PUNCT
arrivou,ADJ
dòppo,ADV
l,PRON
’,PUNCT
interrogatöio,NOUN
into,FUNC
giorno,NOUN
da,FUNC
commemoraçion,NOUN
de,FUNC
vittime,NOUN
à,FUNC
Matigny,NOUN
",",PUNCT
o,PRON
l,PRON
’,PUNCT
é,VERB
stæto,VERB
giustificou,VERB
co-o,FUNC
reisego,NOUN
de,FUNC
fuga,NOUN
.,PUNCT
«,PUNCT
No,ADV
çerchiemo,VEREB
de,FUNC
tiâse,VERB
feua,ADV
da-e,FUNC
nòstre,ADJ
responsabilitæ,NOUN
",",PUNCT
semmo,VERB
devastæ,VERB
da-o,FUNC
dô,NOUN
»,PUNCT
",",PUNCT
aivan,VERB
dito,VERB
.,PUNCT
O,PRON
scindico,NOUN
Nicolas,NOUN
Féraud,NOUN
o,PRON
no,ADV
veu,VERB
parlâ,VERB
de,FUNC
dimiscioin,NOUN
.,PUNCT
I,PRON
prescidenti,NOUN
italian,ADJ
e,FUNC
franseise,ADJ
",",PUNCT
o,PRON
Mattarella,NOUN
e,FUNC
o,PRON
Macron,NOUN
",",PUNCT
an,VERB
domandou,VERB
giustiçia,NOUN
.,PUNCT
L,PRON
’,PUNCT
Union,NOUN
Europea,ADJ
a,PRON
l,PRON
’,PUNCT
à,VERB
dæto,VERB
a,PRON
luxe,NOUN
verde,ADJ
à,FUNC
l,PRON
’,PUNCT
accòrdio,NOUN
de,FUNC
libero,ADJ
commerçio,NOUN
co-o,FUNC
Mercosur,NOUN
",",PUNCT
l,PRON
’,PUNCT
organizzaçion,NOUN
sudamericaña,ADJ
ch,PRON
’,PUNCT
a,PRON
comprende,VERB
Braxî,NOUN
",",PUNCT
Argentiña,NOUN
",",PUNCT
Uruguay,NOUN
e,FUNC
Paraguay,NOUN
.,PUNCT
Ma,FUNC
çerti,PRON
Paixi,NOUN
an,VEBR
votou,VERB
contra,ADV
",",PUNCT
in,FUNC
particolâ,NOUN
Fransa,NOUN
",",PUNCT
Polònia,NOUN
",",PUNCT
Austria,NOUN
",",PUNCT
Ongaia,NOUN
e,FUNC
Irlanda,NOUN
.,PUNCT
L,PRON
’,PUNCT
inteisa,NOUN
a,PRON
saiàa,VERB
firmâ,VERB
a-i,FUNC
17,ADJ
de,FUNC
zenâ,NOUN
in,FUNC
Paraguay,NOUN
.,PUNCT
«,PUNCT
Un,PRON
accòrdio,NOUN
stòrico,ADJ
»,PUNCT
",",PUNCT
segondo,ADV
a,PRON
prescidente,NOUN
da,FUNC
Commiscion,NOUN
Ursula,NOUN
von,OTHER
der,OTHER
Leyen,NOUN
.,PUNCT
O,PRON
limite,NOUN
pe,FUNC
comensâ,VERB
de,FUNC
investigaçioin,NOUN
in,FUNC
scî,FUNC
produti,NOUN
agricoli,ADJ
in,FUNC
caxo,NOUN
de,FUNC
turbative,NOUN
do,FUNC
mercou,NOUN
o,PRON
l,PTON
’,PUNCY
é,VERB
stæto,VERB
asbasciou,VERB
dal,FUNC
’,PUNCT
8,ADJ
%,PUNCT
a-o,FUNC
5,ADJ
%,PUNCT
",",PUNCT
comme,ADV
domandou,VERB
da-i,FUNC
agricoltoî,NOUN
italien,ADJ
.,PUNCT